"No,Kitap Adı,Yayınevi,Konu Alanı,Yazar"
"1,TYT Matematik Soru Bankası,Palme Yayınları,Matematik,Ahmet Yılmaz"
"2,TYT Biyoloji Konu Anlatımı,Fen Bilimleri,Biyoloji,Selin Ersoy"
"3,TYT Geometri Çözümlü Sorular,Apotemi Yayınları,Geometri,Murat Özkan"
"4,AYT Matematik İleri Düzey Test Kitabı,Data Yayınları,Matematik,Zeynep Tekin"
"5,TYT Tarih Soru Bankası,Bilgi Sarmal,Tarih,Mustafa Demir"
"6,AYT Edebiyat Konu Anlatımlı,Benim Hocam,Edebiyat,Elif Doğan"
"7,TYT Coğrafya Test Kitabı,Hız ve Renk,Coğrafya,Cenk Aydın"
"8,AYT Felsefe Soru Bankası,Yayın Denizi,Felsefe,Gülşen Polat"
"9,AYT Biyoloji Konu Anlatımı,Okyanus Yayınları,Biyoloji,Deniz Altın"
"10,TYT Fizik Çözümlü Sorular,Antrenman Yayınları,Fizik,Emre Korkmaz"
"11,AYT Coğrafya İleri Düzey Soru Kitabı,Palme Yayınları,Coğrafya,Ayhan Şahin"
"12,TYT Sosyal Bilgiler Test Kitabı,Limit Yayınları,Sosyal Bilgiler,Cansu Yıldız"
"13,TYT Türkçe Paragraf Soruları,Limit Yayınları,Türkçe,Ayşe Demir"
"14,TYT Kimya Deneme Seti,3D Yayınları,Kimya,Faruk Kaya"
"15,AYT Türk Dili ve Edebiyatı Soru Bankası,Karekök Yayınları,Edebiyat,Şule Aksoy"
"16,TYT Matematik 1001 Soru Kitabı,Palme Yayınları,Matematik,Arda Sezer"
"17,AYT Fizik Konu Anlatımlı,Apotemi Yayınları,Fizik,Sinan Başak"
"18,TYT Din Kültürü ve Ahlak Bilgisi Test,Data Yayınları,Din Kültürü,Burak Öztürk"
"19,AYT Fizik Konu Anlatımlı Kitap,Antrenman Yayınları,Fizik,Mehmet Kaya"
"20,AYT Kimya Soru Bankası,Karekök Yayınları,Kimya,Ali Aksoy"
